<<<<<<< HEAD

=======
use supermercado;
>>>>>>> d22e86def71ec0b6a7205a4e7f6de5dc90f9fa7c

insert into puntos_venta(codigo,provincia)values('SJ001','SAN JOSE');
insert into puntos_venta(codigo,provincia)values('AL002','ALAJUELA');
insert into puntos_venta(codigo,provincia)values('CA003','CARTAGO');
insert into puntos_venta(codigo,provincia)values('HE004','HEREDIA');
insert into puntos_venta(codigo,provincia)values('GU005','GUANACASTE');
insert into puntos_venta(codigo,provincia)values('PU006','PUNTARENAS');
insert into puntos_venta(codigo,provincia)values('LI007','LIMON');

insert into areas(id_area,nombre)values(1,'Frescos');
insert into areas(id_area,nombre)values(2,'Abarrotes');
insert into areas(id_area,nombre)values(3,'Cuidado personal');
insert into areas(id_area,nombre)values(4,'Mercancias');

insert into productos(PLU,EAN,descripcion,peso,precio,id_area_venta,cod_punto_venta) values
('00001',0836879234795,'Pollo limpio Entero',1.9,2500,1,'SJ001'); 
insert into productos(PLU,EAN,descripcion,peso,precio,id_area_venta,cod_punto_venta) values
('00002',0836879234796,'Solomillo de cerdo',0.590,2700,1,'SJ001'); 
insert into productos(PLU,EAN,descripcion,peso,precio,id_area_venta,cod_punto_venta) values
('00003',0836879234791,'Codillo de Jamón',0.300,1800,1,'SJ001'); 
insert into productos(PLU,EAN,descripcion,peso,precio,id_area_venta,cod_punto_venta) values
('00004',0836879234792,'Bandeja de Jamoncitos de Pollo',1,3500,1,'SJ001'); 
insert into productos(PLU,EAN,descripcion,peso,precio,id_area_venta,cod_punto_venta) values
('00005',0836879234793,'Pollo limpio Entero',1.9,2500,1,'SJ001'); 
insert into productos(PLU,EAN,descripcion,peso,precio,id_area_venta,cod_punto_venta) values
('00006',0836879234794,'Solomillo de cerdo',0.590,2700,1,'SJ001'); 
insert into productos(PLU,EAN,descripcion,peso,precio,id_area_venta,cod_punto_venta) values
('00007',0836879234797,'Codillo de Jamón',0.300,1800,1,'SJ001'); 
insert into productos(PLU,EAN,descripcion,peso,precio,id_area_venta,cod_punto_venta) values
('00008',0836879234798,'Bandeja de Jamoncitos de Pollo',1,3500,1,'SJ001'); 
insert into productos(PLU,EAN,descripcion,peso,precio,id_area_venta,cod_punto_venta) values
('00009',0836879234799,'Bandeja de Jamoncitos de Pollo',1,3500,1,'SJ001'); 
insert into productos(PLU,EAN,descripcion,peso,precio,id_area_venta,cod_punto_venta) values
('00010',0836879234800,'Papas',0.5,800,1,'SJ001'); 
insert into productos(PLU,EAN,descripcion,peso,precio,id_area_venta,cod_punto_venta) values
('00051',0836879234800,'Papas',0.5,800,1,'SJ001'); 
insert into productos(PLU,EAN,descripcion,peso,precio,id_area_venta,cod_punto_venta) values
('00011',0836879234801,'Papas',0.5,800,1,'SJ001'); 
insert into productos(PLU,EAN,descripcion,peso,precio,id_area_venta,cod_punto_venta) values
('00012',0836879234802,'Papas',0.5,800,1,'SJ001'); 
insert into productos(PLU,EAN,descripcion,peso,precio,id_area_venta,cod_punto_venta) values
('00013',0836879234803,'Papas',0.5,800,1,'SJ001'); 
insert into productos(PLU,EAN,descripcion,peso,precio,id_area_venta,cod_punto_venta) values
('00014',0836879234804,'Papas',0.5,800,1,'SJ001'); 
insert into productos(PLU,EAN,descripcion,peso,precio,id_area_venta,cod_punto_venta) values
('00015',0836879234805,'Papas',0.5,800,1,'SJ001'); 
insert into productos(PLU,EAN,descripcion,peso,precio,id_area_venta,cod_punto_venta) values
('00016',0836879234806,'Pera Blanquilla',0.150,150,1,'SJ001'); 

insert into productos(PLU,EAN,descripcion,peso,precio,id_area_venta,cod_punto_venta) values
('00017',1836879234795,'Pollo limpio Entero',1.9,2500,1,'AL002'); 
insert into productos(PLU,EAN,descripcion,peso,precio,id_area_venta,cod_punto_venta) values
('00018',1836879234796,'Solomillo de cerdo',0.590,2700,1,'AL002'); 
insert into productos(PLU,EAN,descripcion,peso,precio,id_area_venta,cod_punto_venta) values
('00019',1836879234791,'Codillo de Jamón',0.300,1800,1,'AL002'); 
insert into productos(PLU,EAN,descripcion,peso,precio,id_area_venta,cod_punto_venta) values
('00020',1836879234792,'Bandeja de Jamoncitos de Pollo',1,3500,1,'AL002'); 
insert into productos(PLU,EAN,descripcion,peso,precio,id_area_venta,cod_punto_venta) values
('00021',1836879234793,'Pollo limpio Entero',1.9,2500,1,'AL002'); 
insert into productos(PLU,EAN,descripcion,peso,precio,id_area_venta,cod_punto_venta) values
('00022',1836879234794,'Solomillo de cerdo',0.590,2700,1,'AL002'); 
insert into productos(PLU,EAN,descripcion,peso,precio,id_area_venta,cod_punto_venta) values
('00023',1836879234797,'Codillo de Jamón',0.300,1800,1,'AL002'); 
insert into productos(PLU,EAN,descripcion,peso,precio,id_area_venta,cod_punto_venta) values
('00024',1836879234798,'Bandeja de Jamoncitos de Pollo',1,3500,1,'AL002'); 
insert into productos(PLU,EAN,descripcion,peso,precio,id_area_venta,cod_punto_venta) values
('00025',1836879234799,'Bandeja de Jamoncitos de Pollo',1,3500,1,'AL002'); 
insert into productos(PLU,EAN,descripcion,peso,precio,id_area_venta,cod_punto_venta) values
('00026',1836879234800,'Papas',0.5,800,1,'AL002'); 
insert into productos(PLU,EAN,descripcion,peso,precio,id_area_venta,cod_punto_venta) values
('00027',1836879234800,'Papas',0.5,800,1,'AL002'); 
insert into productos(PLU,EAN,descripcion,peso,precio,id_area_venta,cod_punto_venta) values
('00028',1836879234801,'Papas',0.5,800,1,'AL002'); 
insert into productos(PLU,EAN,descripcion,peso,precio,id_area_venta,cod_punto_venta) values
('00029',1836879234802,'Papas',0.5,800,1,'AL002'); 
insert into productos(PLU,EAN,descripcion,peso,precio,id_area_venta,cod_punto_venta) values
('00030',1836879234803,'Papas',0.5,800,1,'AL002'); 
insert into productos(PLU,EAN,descripcion,peso,precio,id_area_venta,cod_punto_venta) values
('00031',1836879234804,'Papas',0.5,800,1,'AL002'); 
insert into productos(PLU,EAN,descripcion,peso,precio,id_area_venta,cod_punto_venta) values
('00032',1836879234805,'Papas',0.5,800,1,'AL002'); 
insert into productos(PLU,EAN,descripcion,peso,precio,id_area_venta,cod_punto_venta) values
('00033',1836879234806,'Pera Blanquilla',0.150,150,1,'AL002'); 


insert into productos(PLU,EAN,descripcion,peso,precio,id_area_venta,cod_punto_venta) values
('00034',2836879234795,'Pollo limpio Entero',1.9,2500,1,'CA003'); 
insert into productos(PLU,EAN,descripcion,peso,precio,id_area_venta,cod_punto_venta) values
('00035',2836879234796,'Solomillo de cerdo',0.590,2700,1,'CA003'); 
insert into productos(PLU,EAN,descripcion,peso,precio,id_area_venta,cod_punto_venta) values
('00036',2836879234791,'Codillo de Jamón',0.300,1800,1,'CA003'); 
insert into productos(PLU,EAN,descripcion,peso,precio,id_area_venta,cod_punto_venta) values
('00037',2836879234792,'Bandeja de Jamoncitos de Pollo',1,3500,1,'CA003'); 
insert into productos(PLU,EAN,descripcion,peso,precio,id_area_venta,cod_punto_venta) values
('00038',2836879234793,'Pollo limpio Entero',1.9,2500,1,'CA003'); 
insert into productos(PLU,EAN,descripcion,peso,precio,id_area_venta,cod_punto_venta) values
('00039',2836879234794,'Solomillo de cerdo',0.590,2700,1,'CA003'); 
insert into productos(PLU,EAN,descripcion,peso,precio,id_area_venta,cod_punto_venta) values
('00040',2836879234797,'Codillo de Jamón',0.300,1800,1,'CA003'); 
insert into productos(PLU,EAN,descripcion,peso,precio,id_area_venta,cod_punto_venta) values
('00041',2836879234798,'Bandeja de Jamoncitos de Pollo',1,3500,1,'CA003'); 
insert into productos(PLU,EAN,descripcion,peso,precio,id_area_venta,cod_punto_venta) values
('00042',2836879234799,'Bandeja de Jamoncitos de Pollo',1,3500,1,'CA003'); 
insert into productos(PLU,EAN,descripcion,peso,precio,id_area_venta,cod_punto_venta) values
('00043',2836879234800,'Papas',0.5,800,1,'CA003'); 
insert into productos(PLU,EAN,descripcion,peso,precio,id_area_venta,cod_punto_venta) values
('00044',2836879234800,'Papas',0.5,800,1,'CA003'); 
insert into productos(PLU,EAN,descripcion,peso,precio,id_area_venta,cod_punto_venta) values
('00045',2836879234801,'Papas',0.5,800,1,'CA003'); 
insert into productos(PLU,EAN,descripcion,peso,precio,id_area_venta,cod_punto_venta) values
('00046',2836879234802,'Papas',0.5,800,1,'CA003'); 
insert into productos(PLU,EAN,descripcion,peso,precio,id_area_venta,cod_punto_venta) values
('00047',2836879234803,'Papas',0.5,800,1,'CA003'); 
insert into productos(PLU,EAN,descripcion,peso,precio,id_area_venta,cod_punto_venta) values
('00048',2836879234804,'Papas',0.5,800,1,'CA003'); 
insert into productos(PLU,EAN,descripcion,peso,precio,id_area_venta,cod_punto_venta) values
('00049',2836879234805,'Papas',0.5,800,1,'CA003'); 
insert into productos(PLU,EAN,descripcion,peso,precio,id_area_venta,cod_punto_venta) values
('00050',2836879234806,'Pera Blanquilla',0.150,150,1,'CA003');

select * from productos;